20161002,BSRC
20161006,CBS
20161020,CCNSB
20161023,CDE
20161025,CEH
20161027,CSG
20161029,CSL
20161047,CSTAR
20161056,CVEST
20161064,CVIT
20161074,DSAC
20161087,EERC
20161091,LSI
20161092,LTRC
20161102,MLL
20161113,Power
20161135,RRC
20161137,SERC
20161150,SPCRC
20161153,Systems Group
20161157,BSRC
20161161,DSAC
20161167,CSG
20161180,CBS
20161188,EERC
20161201,CEH
20161210,SERC
20161211,MLL
20161220,SPCRC
20161223,LSI
20161230,CDE
20161231,RRC
20161237,CSTAR
20161302,CSL
20162083,CVEST
20162147,CCNSB
20163051,CVIT
20171001,LTRC
20171002,EERC
20171003,CEH
20171004,SERC
20171005,MLL
20171006,SPCRC
20171007,LSI
20171008,CDE
20171009,RRC
20171010,CSTAR
20171011,CSL
20171012,CVEST
20171013,CCNSB
20171014,CVIT
20171015,LTRC
2018701004,SPCRC
2018702011,LSI
2018711001,CDE
2018801003,RRC
2018801006,CSTAR
2018811001,CSL
2018812001,CVEST
2018812002,CCNSB
2018900001,CVIT
2018900002,LTRC
2018900014,SPCRC
2018900047,LSI
2018900050,CDE
2018900056,RRC
2018900071,CSTAR
2018900074,CSL
2018900075,CVEST
2018900085,CCNSB
2018900089,CVIT
2018900090,LTRC
2019801006,CDE
2019802001,RRC
2019811001,CSTAR
2019811002,CSL
2020701001,CVEST
2020701002,CCNSB
2020701003,CVIT
2020701004,LTRC
2020701005,RRC
2020701006,CSTAR
2020701007,CSL
2020701008,CVEST
2020701009,CCNSB
2020701010,CVIT
2020701011,LTRC
2020701012,RRC
2020701013,CSTAR
2020701015,CSL
2020701016,CVEST
2020701017,CCNSB
2020701018,CVIT
2020701019,LTRC
2020701020,RRC
2020701021,CSTAR
2020701022,CSL
2020701023,CVEST
2020701024,CCNSB
2020701025,CVIT
2020701026,LTRC
2020701028,RRC
2020701029,CSTAR
2020701030,CSL
2020701031,CVEST
2020701032,CCNSB
2020701033,CVIT
2020701034,LTRC
2020701035,RRC
2020702001,CSTAR
2020702003,CSL
2020702004,CVEST
2020702005,CCNSB
2020702006,CVIT
2020702007,LTRC
2020702009,RRC
2020702010,CSTAR
2020702011,CSL
2020702012,CVEST
2020702013,CCNSB
2020702014,CVIT
2020702015,LTRC
2020702016,CSTAR
2020702017,CSL
2020702018,CVEST
2020702019,CCNSB
2020702020,CVIT
2020702021,LTRC
2020702022,CSTAR
2020702023,CSL
2020710001,CVEST
2020711001,CCNSB
2020711002,CVIT